x_grid,line_1_y,line_2_y,line_1_slope,line_2_slope,line_1_curvature,line_2_curvature
0,477,353,2.0,5.0,0.0,-0.00754292827454554
1,479,358,2.0,4.0,0.044721359549995794,-0.010700101104544103
2,481,361,3.0,3.5,0.007905694150420948,0.005183417507497699
3,485,365,2.5,4.5,0.0,0.0
4,486,370,3.0,3.5,0.015811388300841896,-0.031100505044986196
5,491,372,3.5,1.5,0.005183417507497699,-0.2133462293173958
6,493,373,3.5,1.0,0.025917087537488497,0.17677669529663687
7,498,374,6.0,2.5,0.011108039682794411,0.06403287523346615
8,505,378,8.5,3.5,-0.0007975511779344519,0.010366835014995399
9,515,381,5.0,3.5,-0.016971588617727466,-0.005183417507497699
10,515,385,4.0,3.0,0.0035667003681813677,-0.03952847075210474
11,523,387,5.5,1.0,0.002862167011199731,-0.8838834764831843
12,526,387,5.0,-2.0,0.0,-0.044721359549995794
13,533,383,5.5,0.0,-0.004293250516799596,2.0
14,537,387,3.5,2.0,-0.05183417507497699,-0.06708203932499368
15,540,387,0.5,-1.5,-0.17888543819998318,-0.3413539669078333
16,538,384,3.0,-2.0,0.047434164902525694,0.044721359549995794
17,546,383,3.5,-0.5,-0.010366835014995399,1.2521980673998823
18,545,383,2.0,1.5,-0.044721359549995794,0.3413539669078333
19,550,386,2.5,3.5,-0.025613150093386463,0.005183417507497699
20,550,390,1.0,2.0,-0.35355339059327373,-0.17888543819998318
21,552,390,0.5,-0.5,0.0,-0.5366563145999494
22,551,389,1.0,0.5,0.2651650429449553,0.8944271909999159
23,554,391,2.0,2.0,0.022360679774997897,0.022360679774997897
24,555,393,1.5,1.0,-0.17067698345391666,-0.17677669529663687
25,557,393,0.0,1.0,-1.25,0.17677669529663687
26,555,395,-1.0,2.0,0.0,-0.044721359549995794
27,555,397,0.0,0.0,0.25,-0.75
28,555,395,-0.5,0.5,-0.5366563145999494,0.7155417527999327
29,554,398,-1.5,2.0,-0.17067698345391666,-0.022360679774997897
30,552,399,-2.5,0.0,0.03841972514007969,-1.5
31,549,398,0.0,-1.0,3.5,-0.17677669529663687
32,552,397,4.5,-1.0,0.015312738198963964,0.0
33,558,396,3.0,-1.0,-0.047434164902525694,0.08838834764831843
34,558,395,1.5,-0.5,0.0,0.17888543819998318
35,561,395,3.0,-0.5,0.007905694150420948,-0.35777087639996635
36,564,394,2.0,-1.5,-0.11180339887498948,-0.042669245863479165
37,565,392,0.5,-1.0,-1.4310835055998654,0.17677669529663687
38,565,392,-2.0,-0.5,-0.2683281572999747,0.0
39,561,391,-5.5,-1.0,-0.005724334022399462,0.17677669529663687
40,554,390,-4.0,0.5,0.010700101104544103,0.0
41,553,392,-4.0,-1.0,-0.01783350184090684,-0.5303300858899106
42,546,388,-6.5,-2.5,0.0008789432615834746,0.051226300186772926
43,540,387,-3.5,1.0,0.046650757567479294,0.5303300858899106
44,539,390,-2.0,0.5,0.0,0.0
45,536,388,-3.5,1.0,-0.010366835014995399,0.0
46,532,392,-3.0,0.5,0.03952847075210474,-1.9677398201998149
47,530,389,-1.0,-4.5,0.5303300858899106,-0.022969107298445948
48,530,383,0.0,-4.0,0.5,0.01426680147272547
49,530,381,0.0,-2.5,-0.5,0.025613150093386463
50,530,378,-1.0,-3.0,-0.08838834764831843,0.015811388300841896
51,528,375,-0.5,-1.5,0.5366563145999494,0.0
52,529,375,0.5,-3.0,0.0,-0.007905694150420948
53,529,369,-0.5,-2.0,-0.7155417527999327,0.13416407864998736
54,528,371,-1.5,0.0,-0.042669245863479165,0.25
55,526,369,-1.0,-1.5,0.2651650429449553,0.17067698345391666
56,526,368,0.0,2.0,-0.5,0.15652475842498528
57,526,373,-2.0,2.0,-0.20124611797498107,-0.22360679774997896
58,522,372,-4.5,-3.0,-0.017864861232124624,-0.09486832980505139
59,517,367,-5.5,-4.0,-0.0014310835055998655,-0.010700101104544103
60,511,364,-5.0,-4.5,-0.001885732068636385,0.0051042460663213215
61,507,358,-6.0,-3.0,-0.005554019841397206,0.05533985905294664
62,499,358,-7.5,-1.0,0.0023085365954762962,-0.17677669529663687
63,492,356,-4.0,-4.0,0.04280040441817641,-0.021400202209088205
64,491,350,-1.5,-4.0,0.2133462293173958,0.02496690257726957
65,489,348,-1.5,-0.5,0.08533849172695833,1.4310835055998654
66,488,349,-0.5,0.0,-0.5366563145999494,-0.25
67,488,348,-3.0,-1.0,-0.03952847075210474,-0.2651650429449553
68,482,347,-3.0,-1.5,0.047434164902525694,0.042669245863479165
69,482,345,0.0,-0.5,0.5,0.7155417527999327
70,482,346,-2.0,0.5,-0.11180339887498948,-0.17888543819998318
71,478,346,-2.5,-1.0,-0.03841972514007969,-0.2651650429449553
72,477,344,-3.5,-1.0,-0.005183417507497699,0.17677669529663687
73,471,344,-3.0,0.0,0.047434164902525694,0.5
74,471,344,-0.5,0.0,0.7155417527999327,-0.5
75,470,344,-1.0,-1.0,-0.08838834764831843,-0.08838834764831843
76,469,342,-1.0,-0.5,-0.17677669529663687,0.5366563145999494
77,468,343,-2.0,0.5,-0.11180339887498948,0.7155417527999327
78,465,343,-3.5,1.5,-0.005183417507497699,0.1280077375904375
79,461,346,-2.5,2.0,0.051226300186772926,0.13416407864998736
80,460,347,-1.5,4.5,0.3413539669078333,0.0051042460663213215
81,458,355,1.5,3.0,0.2986847210443541,-0.08696263565463043
82,463,353,2.0,-1.0,-0.11180339887498948,-0.795495128834866
83,462,353,-1.0,-1.5,-0.795495128834866,-0.17067698345391666
84,461,350,-2.5,-3.0,-0.051226300186772926,-0.023717082451262847
85,457,347,-3.0,-3.0,0.023717082451262847,0.0
86,455,344,-1.0,-3.0,0.35355339059327373,-0.03952847075210474
87,455,341,-1.0,-5.5,-0.08838834764831843,0.002862167011199731
88,453,333,-1.5,-2.0,0.042669245863479165,0.38013155617496425
89,452,337,-0.5,3.0,1.073312629199899,0.07115124735378854
90,452,339,1.5,2.5,0.3413539669078333,0.0
91,455,342,3.5,3.0,0.015550252522493098,0.015811388300841896
92,459,345,3.0,3.5,-0.03952847075210474,-0.010366835014995399
93,461,349,1.0,2.0,-0.35355339059327373,0.0
94,461,349,1.0,3.5,0.08838834764831843,0.020733670029990797
95,463,356,1.5,4.0,-0.2133462293173958,-0.03210030331363231
96,464,357,-1.5,-1.0,-0.5973694420887082,-1.2374368670764582
97,460,354,-5.5,-3.0,-0.005724334022399462,-0.03952847075210474
98,453,351,-3.5,-3.5,0.05701759258247469,0.005183417507497699
99,453,347,0.0,-2.5,2.25,0.08964602532685262
100,453,346,1.0,0.0,0.2651650429449553,0.25
101,455,347,1.5,-2.0,-0.2133462293173958,-0.044721359549995794
102,456,342,-1.5,-1.0,0.0,1.0606601717798212
103,452,345,1.5,4.0,0.6827079338156666,0.03566700368181368
104,459,350,6.5,4.0,0.004394716307917373,-0.010700101104544103
105,465,353,4.0,2.5,-0.02853360294545094,-0.10245260037354585
106,467,355,2.5,0.0,-0.06403287523346615,-1.5
107,470,353,1.5,-0.5,-0.256015475180875,0.5366563145999494
108,470,354,-0.5,1.5,-0.17888543819998318,-0.2133462293173958
109,469,356,1.0,-3.0,0.2651650429449553,-0.09486832980505139
110,472,348,1.0,-4.5,-0.2651650429449553,0.010208492132642643
111,471,347,-0.5,-1.0,0.17888543819998318,0.8838834764831843
112,471,346,1.5,0.5,-0.08533849172695833,0.7155417527999327
113,474,348,-1.5,1.0,-0.4693617044982708,-0.17677669529663687
114,468,348,-4.0,-0.5,0.0035667003681813677,-0.5366563145999494
115,466,347,-1.0,-0.5,0.6187184335382291,0.8944271909999159
116,466,347,-0.5,2.0,0.17888543819998318,0.13416407864998736
117,465,351,-0.5,2.5,-0.17888543819998318,-0.025613150093386463
118,465,352,-1.0,1.0,-0.5303300858899106,-0.44194173824159216
119,463,353,-3.5,0.0,0.005183417507497699,-0.75
120,458,352,-0.5,-0.5,3.3988233257996803,0.17888543819998318
121,462,352,6.0,0.5,0.016662059524191617,0.5366563145999494
122,470,353,7.0,1.0,-0.004242640687119285,-0.2651650429449553
123,476,354,3.0,-1.0,-0.11067971810589328,-0.5303300858899106
124,476,351,0.0,-2.0,-1.5,-0.022360679774997897
125,476,350,0.0,-1.5,-0.25,0.17067698345391666
126,476,348,-0.5,0.0,0.17888543819998318,2.0
127,475,350,0.5,2.5,-0.7155417527999327,-0.012806575046693231
128,477,353,-2.5,-0.5,-0.15367890056031877,-2.146625258399798
129,470,349,-5.5,-3.5,-0.002862167011199731,-0.020733670029990797
130,466,346,-3.5,-2.5,0.036283922552483895,0.012806575046693231
131,463,344,-2.0,-3.0,0.15652475842498528,-0.03952847075210474
132,462,340,0.0,-5.0,2.25,-0.01508585654909108
133,463,334,2.5,-7.0,0.03841972514007969,-0.0035355339059327377
134,467,326,1.5,-7.5,-0.3413539669078333,0.001731402446607222
135,466,319,-1.5,-5.5,-0.2133462293173958,0.011448668044798924
136,464,315,-1.0,-3.5,0.17677669529663687,0.010366835014995399
137,464,312,-0.5,-4.5,0.35777087639996635,-0.012760615165803303
138,463,306,0.0,-6.0,-0.25,0.0
139,464,300,-1.0,-4.5,-0.795495128834866,0.020416984265285286
140,461,297,-4.5,-2.0,-0.020416984265285286,0.08944271909999159
141,455,296,-5.0,-2.5,0.01131439241181831,0.025613150093386463
142,451,292,-1.5,-1.0,0.2986847210443541,0.17677669529663687
143,452,294,-1.5,-1.5,-0.08533849172695833,-0.2133462293173958
144,448,289,-2.5,-3.5,0.012806575046693231,-0.020733670029990797
145,447,287,-1.0,-3.5,0.2651650429449553,-0.025917087537488497
146,446,282,-1.0,-6.0,0.0,-0.0033324119048383236
147,445,275,-1.0,-5.0,0.0,0.001885732068636385
148,444,272,-1.0,-5.5,0.0,-0.014310835055998653
149,443,264,-1.0,-10.0,0.0,-0.001970370673683147
150,442,252,-1.0,-9.5,-0.5303300858899106,0.0017208457728993328
151,441,245,-4.0,-7.0,-0.04993380515453914,0.004242640687119285
152,434,238,-8.0,-6.5,-0.0023852833574847777,0.0035157730463338983
153,425,232,-6.5,-5.0,0.006152602831084322,0.00377146413727277
154,421,228,-4.5,-5.5,-0.0025521230331606607,-0.004293250516799596
155,416,221,-7.0,-6.5,-0.006363961030678928,-0.0008789432615834746
156,407,215,-9.0,-6.0,-0.0006733629638710155,0.0033324119048383236
157,398,209,-8.0,-5.0,0.0038164533719756443,0.005657196205909155
158,391,205,-5.0,-4.5,0.01885732068636385,0.0
159,388,200,-3.0,-5.0,-0.023717082451262847,-0.009428660343181926
160,385,195,-6.5,-7.0,-0.007031546092667797,-0.006363961030678928
161,375,186,-7.0,-9.5,0.0035355339059327377,-0.00028680762881655545
162,371,176,-4.0,-7.5,0.039233704049995044,0.007502743935297962
163,367,171,-1.5,-3.0,0.17067698345391666,0.03162277660168379
164,368,170,-2.0,-5.5,-0.08944271909999159,-0.01574191856159852
165,363,160,-3.5,-8.5,-0.015550252522493098,0.00039877558896722593
166,361,153,-3.5,-5.0,-0.005183417507497699,0.013200124480454696
167,356,150,-4.0,-5.0,-0.0035667003681813677,0.001885732068636385
168,353,143,-4.0,-4.5,-0.01783350184090684,0.0
169,348,141,-6.5,-5.0,-0.010547319139001695,-0.01131439241181831
170,340,133,-10.0,-7.5,-0.0017240743394727534,0.0005771341488690741
171,328,126,-10.0,-4.5,0.00024629633421039337,0.028073353364767267
172,320,124,-9.5,-2.0,0.0011472305152662218,0.044721359549995794
173,309,122,-8.0,-3.5,0.006201736729460422,-0.025917087537488497
174,304,117,-3.0,-4.5,0.10277402395547233,-0.012760615165803303
175,303,113,-1.5,-6.0,0.3413539669078333,-0.0011108039682794413
176,301,105,1.0,-5.0,0.5303300858899106,0.009428660343181926
177,305,103,1.5,-3.5,-0.042669245863479165,0.010366835014995399
178,304,98,0.5,-4.0,-0.35777087639996635,0.0
179,306,95,0.5,-3.5,-0.35777087639996635,0.005183417507497699
180,305,91,-0.5,-3.5,-0.8944271909999159,0.025917087537488497
181,305,88,-2.0,-1.0,-0.15652475842498528,0.2651650429449553
182,301,89,-4.0,-2.0,-0.01783350184090684,-0.15652475842498528
183,297,84,-4.5,-4.5,0.0025521230331606607,-0.0025521230331606607
184,292,80,-3.5,-2.5,0.010366835014995399,0.03841972514007969
185,290,79,-3.5,-3.0,-0.005183417507497699,-0.015811388300841896
186,285,74,-4.0,-3.5,-0.007133400736362735,0.015550252522493098
187,282,72,-4.5,-1.5,-0.0051042460663213215,0.2133462293173958
188,276,71,-5.0,-1.0,0.009428660343181926,-0.08838834764831843
189,272,70,-2.0,-2.0,0.11180339887498948,-0.06708203932499368
190,272,67,-2.5,-2.5,-0.051226300186772926,0.051226300186772926
191,267,65,-4.0,0.0,0.010700101104544103,1.75
192,264,67,-1.0,1.0,0.8838834764831843,-0.44194173824159216
193,265,67,1.0,-2.5,0.6187184335382291,-0.08964602532685262
194,266,62,2.5,-2.5,0.025613150093386463,0.06403287523346615
195,270,62,2.0,0.0,-0.22360679774997896,3.25
196,270,62,-2.5,4.0,-0.07683945028015939,0.039233704049995044
197,265,70,-1.0,5.5,0.44194173824159216,-0.011448668044798924
198,268,73,0.0,0.0,-0.25,-3.0
199,265,70,-1.5,-0.5,-0.1280077375904375,1.4310835055998654
200,265,72,-1.5,4.0,-0.2133462293173958,0.03566700368181368
201,262,78,-4.0,4.5,-0.03566700368181368,-0.0051042460663213215
202,257,81,-6.5,3.0,0.0,-0.07905694150420949
203,249,84,-4.0,-0.5,0.01783350184090684,-1.4310835055998654
204,249,80,-4.0,-1.0,0.007133400736362735,0.5303300858899106
205,241,82,-3.0,2.5,0.08696263565463043,0.11525917542023907
206,243,85,1.5,3.5,0.17067698345391666,-0.005183417507497699
207,244,89,-1.0,2.0,-0.44194173824159216,-0.15652475842498528
208,241,89,-1.0,0.0,0.44194173824159216,-0.25
209,242,89,1.5,1.5,0.1280077375904375,0.5973694420887082
210,244,92,0.5,7.0,0.17888543819998318,0.006363961030678928
211,243,103,2.0,6.0,0.022360679774997897,-0.014440451587632736
212,248,104,1.0,0.5,-0.6187184335382291,-2.146625258399798
213,245,104,-1.5,0.0,-0.042669245863479165,0.5
214,245,104,0.5,1.5,1.073312629199899,0.17067698345391666
215,246,107,1.5,2.0,0.17067698345391666,-0.11180339887498948
216,248,108,2.5,-1.0,0.03841972514007969,-0.795495128834866
217,251,105,3.0,-2.5,-0.023717082451262847,0.08964602532685262
218,254,103,1.0,2.5,-0.5303300858899106,0.21771177579378492
219,253,110,0.0,6.0,-1.0,0.011108039682794411
220,254,115,-1.0,7.5,-0.17677669529663687,0.0023085365954762962
221,251,125,-1.0,8.0,0.2651650429449553,0.00047705667149695554
222,252,131,0.5,8.0,0.8944271909999159,0.0028623400289817334
223,252,141,1.5,11.0,0.08533849172695833,0.0007420962790370372
224,255,153,1.5,10.0,0.08533849172695833,-0.0022166670078935403
225,255,161,2.5,6.5,0.07683945028015939,-0.0052736595695008475
226,260,166,4.5,7.0,-0.0025521230331606607,-0.0021213203435596424
227,264,175,2.0,5.0,-0.13416407864998736,-0.013200124480454696
228,264,176,1.5,3.5,-0.1280077375904375,-0.005183417507497699
229,267,182,0.5,4.5,-1.073312629199899,0.0
230,265,185,-1.5,3.5,-0.17067698345391666,-0.005183417507497699
231,264,189,-1.5,4.0,0.042669245863479165,0.021400202209088205
232,262,193,-1.0,6.5,0.08838834764831843,0.0017578865231669492
233,262,202,-1.0,5.0,0.0,-0.01131439241181831
234,260,203,-1.0,3.5,0.35355339059327373,0.010366835014995399
235,260,209,1.0,6.0,0.17677669529663687,0.006664823809676647
236,262,215,0.0,6.5,-2.25,0.0
237,260,222,-3.5,6.0,-0.010366835014995399,-0.00999723571451497
238,255,227,-1.0,2.0,0.5303300858899106,-0.2683281572999747
239,258,226,-0.5,0.0,-0.35777087639996635,-0.5
240,254,227,-2.0,1.0,-0.022360679774997897,0.7071067811865475
241,254,228,-1.0,4.0,-0.08838834764831843,0.02496690257726957
242,252,235,-2.5,4.5,0.08964602532685262,-0.0025521230331606607
243,249,237,2.5,3.5,0.2433249258871714,-0.010366835014995399
244,257,242,7.0,3.5,-0.0007071067811865475,0.005183417507497699
245,263,244,2.0,4.0,-0.40249223594996214,0.010700101104544103
246,261,250,-2.0,5.0,-0.17888543819998318,0.009428660343181926
247,259,254,-2.0,6.5,0.0,-0.0008789432615834746
248,257,263,-2.0,4.5,0.044721359549995794,-0.022969107298445948
249,255,263,-1.0,2.0,0.08838834764831843,0.06708203932499368
250,255,267,-1.5,6.0,-0.256015475180875,0.012218843651073853
251,252,275,-4.0,7.5,-0.01783350184090684,0.0028856707443453704
252,247,282,-4.0,8.5,0.010700101104544103,0.0
253,244,292,-2.5,7.5,0.06403287523346615,-0.0028856707443453704
254,242,297,-1.5,6.0,0.2986847210443541,-0.0033324119048383236
255,241,304,1.0,6.0,0.08838834764831843,-0.00888643174623553
256,244,309,-1.0,2.0,-0.7071067811865475,-0.33541019662496846
257,239,308,-3.0,-1.5,0.03162277660168379,-0.1280077375904375
258,238,306,1.0,0.5,0.795495128834866,0.8944271909999159
259,241,309,1.5,1.0,-0.256015475180875,-0.08838834764831843
260,241,308,-2.0,0.0,-0.20124611797498107,-0.75
261,237,309,-3.0,-0.5,0.023717082451262847,0.8944271909999159
262,235,307,-0.5,2.5,0.8944271909999159,0.2049052007470917
263,236,314,-0.5,7.5,-0.8944271909999159,0.004039939042083518
264,234,322,-3.0,6.0,-0.07115124735378854,-0.00999723571451497
265,230,326,-5.0,3.0,0.001885732068636385,-0.047434164902525694
266,224,328,-2.5,3.0,0.166485475607012,0.007905694150420948
267,225,332,1.5,3.5,0.3413539669078333,-0.010366835014995399
268,227,335,1.5,2.0,-0.256015475180875,-0.2683281572999747
269,228,336,-1.5,-2.5,0.042669245863479165,-0.11525917542023907
270,224,330,2.0,-2.5,0.20124611797498107,0.08964602532685262
271,232,331,3.0,1.0,-0.03952847075210474,0.795495128834866
272,230,332,-0.5,2.0,-2.146625258399798,0.11180339887498948
273,231,335,-3.0,3.5,-0.03162277660168379,0.020733670029990797
274,224,339,-2.5,4.0,0.051226300186772926,-0.0035667003681813677
275,226,343,-1.0,3.0,-0.35355339059327373,-0.015811388300841896
276,222,345,-4.5,3.0,-0.022969107298445948,-0.007905694150420948
277,217,349,-5.5,2.5,-0.002862167011199731,0.0
278,211,350,-5.5,3.0,0.004293250516799596,0.007905694150420948
279,206,355,-4.0,3.0,0.039233704049995044,-0.03952847075210474
280,203,356,0.0,0.5,1.5,-1.7888543819998317
281,206,356,-1.0,-2.0,-0.795495128834866,-0.11180339887498948
282,201,352,-4.5,-2.0,-0.007656369099481982,0.15652475842498528
283,197,352,-2.5,1.5,0.07683945028015939,0.1280077375904375
284,196,355,-1.5,-0.5,0.0,-2.3255106965997814
285,194,351,-2.5,-5.0,-0.07683945028015939,-0.016971588617727466
286,191,345,-4.5,-5.0,-0.010208492132642643,0.01131439241181831
287,185,341,-4.5,-2.0,0.010208492132642643,0.20124611797498107
288,182,341,-2.5,-0.5,0.10245260037354585,-0.17888543819998318
289,180,340,-0.5,-2.5,1.2521980673998823,-0.051226300186772926
290,181,336,1.0,-2.5,-0.08838834764831843,0.051226300186772926
291,182,335,-1.0,-0.5,-0.17677669529663687,0.8944271909999159
292,179,335,0.0,0.0,2.5,0.0
293,182,335,4.0,-0.5,0.0035667003681813677,-1.073312629199899
294,187,334,0.5,-3.0,-2.862167011199731,-0.015811388300841896
295,183,329,-4.0,-1.5,-0.02496690257726957,0.38402321277131246
296,179,331,-3.0,1.5,0.015811388300841896,0.042669245863479165
297,177,332,-3.0,-1.0,-0.015811388300841896,-0.2651650429449553
298,173,329,-4.0,0.0,-0.007133400736362735,1.0
299,169,332,-4.0,1.0,0.010700101104544103,-0.35355339059327373
300,165,331,-2.5,-2.0,0.08964602532685262,-0.06708203932499368
301,164,328,-0.5,-0.5,1.073312629199899,1.2521980673998823
302,164,330,0.5,1.5,0.35777087639996635,0.256015475180875
303,165,331,0.5,2.5,-0.17888543819998318,-0.025613150093386463
304,165,335,0.0,0.5,0.0,-1.2521980673998823
305,165,332,0.5,-1.0,0.8944271909999159,-0.08838834764831843
306,166,333,2.5,0.0,-0.051226300186772926,1.5
307,170,332,-1.5,2.0,-0.4693617044982708,0.06708203932499368
308,163,337,-3.0,1.5,0.08696263565463043,-0.38402321277131246
309,164,335,4.0,-2.5,0.04993380515453914,-0.07683945028015939
310,171,332,4.0,-1.5,-0.021400202209088205,0.4266924586347916
311,172,332,1.0,2.5,-0.5303300858899106,0.10245260037354585
312,173,337,1.0,2.5,0.0,0.012806575046693231
313,174,337,1.0,3.0,0.35355339059327373,0.015811388300841896
314,175,343,3.0,3.5,0.03162277660168379,0.005183417507497699
315,180,344,3.0,3.5,-0.03952847075210474,0.020733670029990797
316,181,350,0.5,5.5,-1.2521980673998823,0.0
317,181,355,-0.5,3.5,0.5366563145999494,-0.041467340059981594
318,180,357,2.0,1.5,0.22360679774997896,-0.256015475180875
319,185,358,4.5,0.5,0.012760615165803303,-0.17888543819998318
320,189,358,4.5,1.0,-0.007656369099481982,0.2651650429449553
321,194,360,3.0,2.0,-0.015811388300841896,-0.08944271909999159
322,195,362,3.5,-1.0,0.020733670029990797,-0.7071067811865475
323,201,358,5.0,-2.0,0.009428660343181926,0.06708203932499368
324,205,358,6.0,0.5,-0.004443215873117765,2.146625258399798
325,213,359,3.0,4.0,-0.07115124735378854,0.02853360294545094
326,211,366,1.5,4.5,0.1280077375904375,-0.017864861232124624
327,216,368,4.5,0.5,0.007656369099481982,-0.8944271909999159
328,220,367,3.0,2.0,-0.05533985905294664,0.2906888370749727
329,222,372,1.0,7.0,-0.35355339059327373,0.0049497474683058325
330,222,381,1.0,5.5,0.2651650429449553,-0.012879751550398787
331,224,383,2.5,2.5,0.10245260037354585,-0.08964602532685262
332,227,386,5.0,2.0,0.00754292827454554,-0.06708203932499368
333,234,387,4.5,1.0,-0.0051042460663213215,-0.17677669529663687
334,236,388,4.0,1.0,0.021400202209088205,-0.17677669529663687
335,242,389,7.5,0.0,-0.0011542682977381481,-0.25
336,251,388,3.0,0.5,-0.12649110640673517,0.8944271909999159
337,248,390,-0.5,2.5,-0.35777087639996635,0.06403287523346615
338,250,393,2.0,3.0,0.06708203932499368,0.015811388300841896
339,252,396,1.0,3.5,-0.08838834764831843,0.046650757567479294
340,252,400,1.5,7.5,0.17067698345391666,0.005194207339821667
341,255,411,3.0,8.0,-0.007905694150420948,-0.003339396700478689
342,258,416,1.0,4.0,0.35355339059327373,-0.03566700368181368
343,257,419,5.0,3.0,0.020743052755000234,-0.03162277660168379
344,268,422,6.5,2.0,-0.004394716307917373,-0.022360679774997897
345,270,423,2.5,2.5,0.0,-0.025613150093386463
346,273,427,6.5,1.0,0.007031546092667797,-0.7071067811865475
347,283,425,6.5,-1.5,-0.007031546092667797,0.0
348,286,424,2.5,1.0,-0.11525917542023907,0.6187184335382291
349,288,427,2.0,2.0,0.08944271909999159,-0.11180339887498948
350,290,428,4.5,-1.5,0.022969107298445948,-0.042669245863479165
351,297,424,6.5,1.5,0.0017578865231669492,0.51203095036175
352,303,431,5.5,4.5,-0.010017584539199058,0.007656369099481982
353,308,433,3.0,3.0,-0.06324555320336758,-0.023717082451262847
354,309,437,1.5,3.0,0.0,0.0
355,311,439,3.0,3.0,0.05533985905294664,-0.007905694150420948
356,315,443,5.0,2.5,-0.001885732068636385,0.012806575046693231
357,321,444,2.5,3.5,-0.14087232551362555,0.020733670029990797
358,320,450,-0.5,4.5,-0.5366563145999494,0.0025521230331606607
359,320,453,1.0,4.0,0.5303300858899106,-0.007133400736362735
360,322,458,2.5,3.5,0.08964602532685262,-0.031100505044986196
361,325,460,4.5,1.0,0.0051042460663213215,-0.44194173824159216
362,331,460,3.5,1.0,-0.025917087537488497,0.5303300858899106
363,332,462,2.0,4.0,0.0,0.010700101104544103
364,335,468,3.5,2.5,0.005183417507497699,-0.1280657504669323
365,339,467,2.5,-1.0,0.025613150093386463,-0.795495128834866
366,340,466,4.5,-2.0,-0.0025521230331606607,-0.022360679774997897
367,348,463,2.0,-1.5,-0.22360679774997896,0.17067698345391666
368,344,463,-0.5,0.0,0.35777087639996635,0.75
369,347,463,3.0,0.0,0.023717082451262847,0.25
370,350,463,1.0,0.5,-0.35355339059327373,0.17888543819998318
371,349,464,1.0,0.5,0.35355339059327373,-0.7155417527999327
372,352,464,3.0,-1.5,-0.015811388300841896,-0.4266924586347916
373,355,461,0.0,-4.5,-1.5,-0.010208492132642643
374,352,455,0.0,-3.5,-0.25,0.025917087537488497
375,355,454,-0.5,-2.0,-1.6099689437998486,0.06708203932499368
376,351,451,-4.5,-2.0,-0.007656369099481982,-0.06708203932499368
377,346,450,-2.0,-3.5,0.15652475842498528,-0.020733670029990797
378,347,444,-1.0,-4.0,-0.2651650429449553,0.021400202209088205
379,344,442,-3.5,-0.5,-0.041467340059981594,1.7888543819998317
380,340,443,-5.0,1.0,0.0,0.44194173824159216
381,334,444,-3.5,2.0,0.041467340059981594,0.06708203932499368
382,333,447,-1.0,2.5,0.44194173824159216,-0.06403287523346615
383,332,449,-1.0,-0.5,-0.17677669529663687,-1.6099689437998486
384,331,446,-2.0,-2.0,-0.17888543819998318,-0.044721359549995794
385,328,445,-5.0,-1.5,-0.01885732068636385,0.042669245863479165
386,321,443,-7.0,-1.5,-0.0007071067811865475,0.0
387,314,442,-5.5,-1.5,0.0014310835055998655,-0.256015475180875
388,310,440,-6.5,-4.5,-0.0035157730463338983,-0.022969107298445948
389,301,433,-7.5,-6.0,0.0005771341488690741,-0.004443215873117765
390,295,428,-6.0,-6.5,0.0011108039682794413,0.0017578865231669492
391,289,420,-7.0,-5.0,-0.004242640687119285,0.016971588617727466
392,281,418,-9.0,-2.0,-0.0006733629638710155,0.06708203932499368
393,271,416,-8.0,-3.5,0.0052476233864665114,-0.010366835014995399
394,265,411,-3.5,-3.0,0.06220101008997239,0.023717082451262847
395,264,410,-2.0,-2.0,0.0,-0.022360679774997897
396,261,407,-3.5,-3.5,-0.046650757567479294,0.0
397,257,403,-6.5,-2.0,-0.0035157730463338983,0.044721359549995794
398,248,403,-5.5,-2.5,0.01574191856159852,-0.08964602532685262
399,246,398,-1.0,-5.5,0.7071067811865475,-0.007155417527999326
400,246,392,-1.5,-5.0,-0.2133462293173958,0.001885732068636385
401,243,388,-3.5,-5.0,-0.010366835014995399,0.00754292827454554
402,239,382,-2.5,-3.0,-0.012806575046693231,0.047434164902525694
403,238,382,-4.0,-2.0,-0.02496690257726957,-0.022360679774997897
404,231,378,-6.0,-3.5,-0.006664823809676647,-0.020733670029990797
405,226,375,-7.0,-4.0,-0.001414213562373095,0.0
406,217,370,-7.0,-3.5,0.0021213203435596424,0.0
407,212,368,-5.5,-4.0,-0.004293250516799596,-0.007133400736362735
408,206,362,-8.5,-4.5,-0.0023926535338033555,0.0051042460663213215
409,195,359,-8.5,-3.0,0.0019938779448361297,0.015811388300841896
410,189,356,-6.0,-3.5,0.012218843651073853,-0.041467340059981594
411,183,352,-3.0,-7.0,0.05533985905294664,-0.0049497474683058325
412,183,342,-2.5,-7.0,-0.03841972514007969,0.004242640687119285
413,178,338,-4.5,-4.0,-0.010208492132642643,0.03210030331363231
414,174,334,-4.5,-2.5,0.0025521230331606607,0.012806575046693231
415,169,333,-4.0,-3.5,-0.01426680147272547,-0.036283922552483895
416,166,327,-6.5,-6.0,-0.007910489354251272,-0.0022216079365588825
417,156,321,-8.5,-4.5,-0.0015951023558689037,0.03062547639792793
418,149,318,-8.5,0.0,0.0011963267669016777,3.0
419,139,321,-7.0,1.5,0.0035355339059327377,-0.1280077375904375
420,135,321,-6.0,-1.5,-0.0033324119048383236,-0.38402321277131246
421,127,318,-8.5,-3.0,-0.0023926535338033555,-0.015811388300841896
422,118,315,-9.0,-2.5,0.0010100444458065233,-0.012806575046693231
423,109,313,-7.0,-3.5,0.004242640687119285,-0.020733670029990797
424,104,308,-6.0,-4.5,0.0033324119048383236,0.0025521230331606607
425,97,304,-5.5,-3.0,0.005724334022399462,0.023717082451262847
426,93,302,-4.0,-3.0,0.007133400736362735,-0.015811388300841896
427,89,298,-4.5,-4.0,-0.007656369099481982,-0.0035667003681813677
428,84,294,-5.5,-3.5,0.002862167011199731,0.0
429,78,291,-3.5,-4.0,0.041467340059981594,0.0
430,77,286,-1.5,-3.5,0.4266924586347916,0.041467340059981594
431,75,284,1.5,0.0,0.042669245863479165,1.25
432,80,286,-1.0,-1.0,-1.414213562373095,-0.795495128834866
433,73,282,-6.5,-4.5,-0.0026368297847504238,-0.017864861232124624
434,67,277,-2.5,-4.5,0.21771177579378492,0.020416984265285286
435,68,273,2.0,-0.5,0.15652475842498528,2.146625258399798
436,71,276,1.0,1.5,-0.5303300858899106,-0.17067698345391666
437,70,276,-1.0,-2.5,-0.795495128834866,-0.10245260037354585
438,69,271,-3.5,-2.5,0.0,0.06403287523346615
439,63,271,-1.0,0.0,0.795495128834866,2.25
440,67,271,1.0,2.0,-0.2651650429449553,0.08944271909999159
441,65,275,-2.5,2.0,-0.11525917542023907,-0.11180339887498948
442,62,275,-3.5,-0.5,0.005183417507497699,-0.8944271909999159
443,58,274,-2.0,-0.5,0.15652475842498528,1.4310835055998654
444,58,274,0.0,3.5,0.75,0.031100505044986196
445,58,281,-0.5,2.5,-0.35777087639996635,-0.10245260037354585
446,57,279,-1.0,-0.5,0.17677669529663687,-0.35777087639996635
447,56,280,0.5,1.5,0.17888543819998318,0.2133462293173958
448,58,282,-0.5,2.0,0.0,0.0
449,55,284,0.5,1.5,0.5366563145999494,-0.08533849172695833
450,59,285,1.0,1.0,-0.08838834764831843,-0.5303300858899106
451,57,286,0.0,-1.5,0.0,-0.17067698345391666
452,59,282,1.0,-1.0,0.2651650429449553,0.6187184335382291
453,59,284,1.5,2.0,0.042669245863479165,0.13416407864998736
454,62,286,1.5,2.0,0.0,0.0
455,62,288,1.5,2.0,0.08533849172695833,-0.06708203932499368
456,65,290,2.5,0.5,0.07683945028015939,0.0
457,67,289,4.5,2.0,0.010208492132642643,0.20124611797498107
458,74,294,4.5,5.0,-0.007656369099481982,0.001885732068636385
459,76,299,3.0,2.5,-0.023717082451262847,-0.14087232551362555
460,80,299,3.0,-0.5,-0.023717082451262847,-0.17888543819998318
461,82,298,1.5,2.0,-0.042669245863479165,0.06708203932499368
462,83,303,2.5,1.0,0.10245260037354585,-0.35355339059327373
463,87,300,5.5,0.0,0.002862167011199731,-0.75
464,94,303,3.5,-0.5,-0.046650757567479294,-0.5366563145999494
465,94,299,1.0,-1.5,-0.08838834764831843,0.1280077375904375
466,96,300,3.0,1.0,0.03952847075210474,0.17677669529663687
467,100,301,3.5,-0.5,0.0,-1.073312629199899
468,103,299,3.0,-2.0,-0.03162277660168379,0.06708203932499368
469,106,297,1.5,1.0,-0.2986847210443541,0.35355339059327373
470,106,301,-0.5,0.0,-0.35777087639996635,0.0
471,105,297,0.5,1.0,1.4310835055998654,0.8838834764831843
472,107,303,3.5,5.0,0.031100505044986196,0.013200124480454696
473,112,307,3.5,4.5,-0.036283922552483895,0.0051042460663213215
474,114,312,0.0,6.0,-1.0,-0.0022216079365588825
475,112,319,1.5,3.5,0.2986847210443541,-0.036283922552483895
476,117,319,3.5,2.5,0.010366835014995399,0.08964602532685262
477,119,324,2.5,7.0,0.012806575046693231,0.004242640687119285
478,122,333,4.0,5.5,0.0,-0.022897336089597847
479,127,335,2.5,-1.0,-0.012806575046693231,-1.5026019100214134
480,127,331,3.5,-3.0,0.06220101008997239,0.007905694150420948
481,134,329,8.5,-0.5,0.0031902047117378074,0.7155417527999327
482,144,330,7.5,-1.0,-0.003462804893214444,-0.2651650429449553
483,149,327,5.5,-2.0,-0.005724334022399462,0.044721359549995794
484,155,326,5.5,0.0,-0.002862167011199731,1.0
485,160,327,4.5,0.0,-0.0051042460663213215,1.0
486,164,326,4.5,2.0,-0.0051042460663213215,0.08944271909999159
487,169,331,3.5,2.0,-0.041467340059981594,-0.15652475842498528
488,171,330,0.5,-1.5,-0.17888543819998318,-0.08533849172695833
489,170,328,3.0,1.0,0.08696263565463043,0.2651650429449553
490,177,332,6.0,0.0,0.0011108039682794413,-3.5
491,182,328,3.5,-6.0,-0.06738442759747008,-0.011108039682794411
492,184,320,-0.5,-5.0,-1.9677398201998149,0.01508585654909108
493,181,318,-2.0,-2.0,0.06708203932499368,0.06708203932499368
494,180,316,1.0,-3.5,0.8838834764831843,-0.010366835014995399
495,183,311,3.0,-3.0,0.0,0.015811388300841896
496,186,310,1.0,-2.5,-0.2651650429449553,0.025613150093386463
497,185,306,1.5,-2.0,0.042669245863479165,0.11180339887498948
498,189,306,1.5,0.0,0.1280077375904375,0.0
499,188,306,3.0,-2.0,0.05533985905294664,-0.22360679774997896
500,195,302,5.0,-5.0,-0.016971588617727466,-0.001885732068636385
501,198,296,-1.5,-2.5,-0.7253771796791457,0.07683945028015939
502,192,297,-3.5,-2.0,0.010366835014995399,-0.06708203932499368
503,191,292,-0.5,-4.0,1.4310835055998654,-0.01783350184090684
504,191,289,0.5,-4.5,0.0,0.0051042460663213215
505,192,283,-0.5,-3.0,-1.2521980673998823,0.023717082451262847
506,190,283,-3.0,-3.0,-0.023717082451262847,-0.015811388300841896
507,186,277,-2.0,-4.0,0.22360679774997896,-0.021400202209088205
508,186,275,2.0,-6.0,0.15652475842498528,-0.00999723571451497
509,190,265,1.5,-8.5,-0.256015475180875,0.0011963267669016777
510,189,258,-1.0,-4.5,-0.44194173824159216,0.03317759943108859
511,188,256,-1.0,-2.0,0.5303300858899106,-0.11180339887498948
512,187,254,2.0,-7.0,0.24596747752497686,-0.007071067811865475
513,192,242,4.5,-7.0,0.0051042460663213215,0.004242640687119285
514,196,240,3.0,-4.0,-0.03952847075210474,0.03566700368181368
515,198,234,2.0,-2.0,0.0,0.20124611797498107
516,200,236,3.0,0.5,0.015811388300841896,-0.35777087639996635
517,204,235,3.0,-3.0,-0.03162277660168379,-0.06324555320336758
518,206,230,1.0,-3.5,-0.7071067811865475,0.015550252522493098
519,206,228,-1.0,-1.5,-0.5303300858899106,-0.08533849172695833
520,204,227,-2.0,-4.5,0.0,-0.017864861232124624
521,202,219,-1.0,-5.0,0.5303300858899106,0.00377146413727277
522,202,217,1.0,-3.5,0.6187184335382291,0.0
523,204,212,2.5,-5.0,0.012806575046693231,-0.009428660343181926
524,207,207,1.5,-6.0,-0.042669245863479165,-0.0011108039682794413
525,207,200,2.0,-5.5,0.06708203932499368,0.007155417527999326
526,211,196,3.0,-3.5,0.007905694150420948,0.031100505044986196
527,213,193,2.5,-2.5,0.0,-0.025613150093386463
528,216,191,3.0,-4.5,-0.03162277660168379,-0.022969107298445948
529,219,184,0.5,-7.0,-2.146625258399798,0.0007071067811865475
530,217,177,-3.0,-4.0,0.0,0.053500505522720516
531,213,176,0.5,0.5,2.5043961347997645,0.5366563145999494
532,218,178,4.0,-2.5,-0.007133400736362735,-0.07683945028015939
533,221,171,-0.5,-2.5,-1.9677398201998149,0.03841972514007969
534,217,173,-1.5,-1.0,0.256015475180875,0.0
535,218,169,2.5,-2.5,0.1280657504669323,0.025613150093386463
536,222,168,3.5,0.0,0.015550252522493098,1.0
537,225,169,4.0,-0.5,-0.010700101104544103,-1.4310835055998654
538,230,167,2.0,-4.0,-0.22360679774997896,-0.021400202209088205
539,229,161,-1.0,-3.5,-0.17677669529663687,0.020733670029990797
540,228,160,1.0,-2.0,0.08838834764831843,0.13416407864998736
541,231,157,-0.5,-0.5,-0.8944271909999159,0.7155417527999327
542,227,159,-1.5,0.0,0.1280077375904375,-1.5
543,228,157,1.0,-3.5,0.35355339059327373,-0.031100505044986196
544,229,152,0.5,-3.0,-0.35777087639996635,0.023717082451262847
545,229,151,0.0,-2.0,-0.25,0.044721359549995794
546,229,148,0.0,-2.0,1.25,0.0
547,229,147,2.5,-2.0,0.1280657504669323,-0.022360679774997897
548,234,144,5.0,-2.5,0.001885732068636385,0.07683945028015939
549,239,142,3.0,1.0,-0.023717082451262847,0.7071067811865475
550,240,146,3.5,1.5,0.025917087537488497,-0.1280077375904375
551,246,145,5.5,-0.5,0.005724334022399462,0.17888543819998318
552,251,145,5.5,2.0,0.007155417527999326,0.11180339887498948
553,257,149,8.0,2.0,0.00047705667149695554,-0.044721359549995794
554,267,149,6.0,1.0,-0.00999723571451497,-0.2651650429449553
555,269,151,3.5,0.5,-0.010366835014995399,-1.073312629199899
556,274,150,5.0,-2.0,0.00754292827454554,-0.06708203932499368
557,279,147,5.5,-1.0,-0.004293250516799596,0.8838834764831843
558,285,148,3.5,3.0,-0.036283922552483895,0.06324555320336758
559,286,153,2.0,3.0,0.0,0.015811388300841896
560,289,154,3.5,4.0,0.036283922552483895,0.0035667003681813677
561,293,161,5.5,3.5,0.007155417527999326,-0.025917087537488497
562,300,161,6.0,1.5,-0.005554019841397206,0.2133462293173958
563,305,164,3.0,6.0,-0.07905694150420949,0.00999723571451497
564,306,173,1.0,6.0,0.2651650429449553,-0.014440451587632736
565,307,176,4.5,-0.5,0.025521230331606606,-1.7888543819998317
566,315,172,6.0,1.0,-0.0033324119048383236,0.44194173824159216
567,319,178,3.0,2.0,-0.05533985905294664,0.022360679774997897
568,321,176,2.5,1.5,0.0,0.1280077375904375
569,324,181,3.0,3.5,0.03952847075210474,-0.010366835014995399
570,327,183,5.0,0.5,0.02262878482363662,-0.7155417527999327
571,334,182,9.0,1.5,0.00033668148193550775,0.4693617044982708
572,345,186,5.5,6.0,-0.01574191856159852,0.00888643174623553
573,345,194,3.5,5.5,-0.005183417507497699,-0.007155417527999326
574,352,197,5.0,3.5,0.00377146413727277,-0.020733670029990797
575,355,201,4.5,3.5,0.0051042460663213215,0.005183417507497699
576,361,204,6.0,4.0,0.0033324119048383236,-0.0035667003681813677
577,367,209,6.0,3.0,-0.005554019841397206,-0.007905694150420948
578,373,210,3.5,3.5,-0.010366835014995399,0.025917087537488497
579,374,216,5.0,5.5,0.01508585654909108,0.002862167011199731
580,383,221,7.5,4.5,-0.0011542682977381481,-0.0025521230331606607
581,389,225,4.0,5.0,-0.021400202209088205,0.00754292827454554
582,391,231,4.5,6.5,0.010208492132642643,0.0008789432615834746
583,398,238,6.0,5.5,0.0011108039682794413,0.0
584,403,242,5.0,6.5,-0.013200124480454696,0.006152602831084322
585,408,251,2.5,9.0,-0.08964602532685262,0.0
586,408,260,1.5,6.5,0.0,-0.006152602831084322
587,411,264,2.5,5.5,0.10245260037354585,-0.0014310835055998655
588,413,271,5.5,6.0,0.007155417527999326,-0.0011108039682794413
589,422,276,5.0,5.0,-0.00754292827454554,0.005657196205909155
590,423,281,3.5,7.5,-0.031100505044986196,0.0023085365954762962
591,429,291,2.0,7.0,0.0,-0.00848528137423857
592,427,295,3.5,1.5,0.05183417507497699,-0.3413539669078333
593,436,294,7.0,3.0,0.001414213562373095,0.07905694150420949
594,441,301,4.5,6.5,-0.022969107298445948,0.004394716307917373
595,445,307,2.5,5.5,-0.051226300186772926,-0.002862167011199731
596,446,312,2.5,5.5,-0.06403287523346615,-0.007155417527999326
597,450,318,0.0,3.0,-0.25,-0.07905694150420949
598,446,318,2.0,0.5,0.13416407864998736,0.5366563145999494
599,454,319,3.0,4.5,-0.023717082451262847,0.015312738198963964
600,452,327,0.5,3.5,-0.17888543819998318,-0.046650757567479294
601,455,326,2.5,0.0,0.11525917542023907,0.25
602,457,327,5.0,4.0,0.005657196205909155,0.01426680147272547
603,465,334,4.0,2.0,-0.01426680147272547,-0.20124611797498107
604,465,331,3.0,-0.5,-0.023717082451262847,0.35777087639996635
605,471,333,2.5,3.0,0.0,0.06324555320336758
606,470,337,3.0,3.5,0.03952847075210474,0.015550252522493098
607,477,340,5.0,4.5,-0.00377146413727277,0.012760615165803303
608,480,346,2.0,6.0,-0.24596747752497686,-0.0011108039682794413
609,481,352,-0.5,4.0,-1.4310835055998654,-0.007133400736362735
610,479,354,-2.0,5.0,0.044721359549995794,0.009428660343181926
611,477,362,0.5,6.5,1.073312629199899,0.0
612,480,367,1.0,5.0,-0.2651650429449553,-0.01508585654909108
613,479,372,-1.0,2.5,-0.35355339059327373,-0.06403287523346615
614,478,372,-1.0,2.5,0.6187184335382291,-0.051226300186772926
615,477,377,2.5,0.5,0.07683945028015939,-1.4310835055998654
616,483,373,2.0,-1.5,-0.11180339887498948,0.1280077375904375
617,481,374,0.0,2.0,0.0,0.13416407864998736
618,483,377,2.0,1.5,0.17888543819998318,-0.17067698345391666
619,485,377,4.0,0.0,-0.007133400736362735,0.25
620,491,377,1.0,2.0,-1.0606601717798212,-0.06708203932499368
621,487,381,-2.0,-1.5,-0.20124611797498107,-0.3413539669078333
622,487,374,-3.5,-2.0,-0.005183417507497699,0.08944271909999159
623,480,377,-2.5,0.5,0.07683945028015939,-0.17888543819998318
624,482,375,-0.5,-2.5,-0.5366563145999494,-0.03841972514007969
625,479,372,-4.0,-1.0,-0.039233704049995044,0.5303300858899106
626,474,373,-6.0,0.5,0.0,-0.35777087639996635
627,467,373,-4.0,-2.0,0.03566700368181368,0.0
628,466,369,-1.0,0.5,0.35355339059327373,1.2521980673998823
629,465,374,-2.0,1.5,-0.15652475842498528,-0.1280077375904375
630,462,372,-4.5,-1.0,-0.0025521230331606607,-0.35355339059327373
631,456,372,-2.5,-0.5,0.11525917542023907,0.0
632,457,371,0.0,-1.0,0.75,-0.2651650429449553
633,456,370,-1.0,-2.0,-0.35355339059327373,0.0
634,455,367,-2.0,-1.0,-0.17888543819998318,0.5303300858899106
635,452,368,-5.0,1.0,-0.013200124480454696,-0.2651650429449553
636,445,369,-5.5,-2.5,0.007155417527999326,-0.1280657504669323
637,441,363,-2.5,-4.0,0.10245260037354585,0.0
638,440,361,-1.5,-2.5,-0.08533849172695833,0.0
639,438,358,-3.5,-4.0,-0.005183417507497699,-0.007133400736362735
640,433,353,-2.0,-3.5,0.08944271909999159,0.020733670029990797
641,434,351,-1.5,-2.0,0.042669245863479165,0.06708203932499368
642,430,349,-1.5,-2.0,0.1280077375904375,0.022360679774997897
643,431,347,0.0,-1.5,0.5,-0.1280077375904375
644,430,346,-0.5,-3.5,-1.073312629199899,-0.031100505044986196
645,430,340,-3.0,-4.5,-0.07905694150420949,0.015312738198963964
646,424,337,-5.5,-0.5,-0.007155417527999326,1.6099689437998486
647,419,339,-5.5,0.0,0.002862167011199731,-0.75
648,413,337,-4.5,-2.0,0.007656369099481982,-0.20124611797498107
649,410,335,-4.0,-4.5,0.007133400736362735,-0.012760615165803303
650,405,328,-3.5,-4.5,0.005183417507497699,0.015312738198963964
651,403,326,-3.5,-1.5,0.025917087537488497,0.5547001962252291
652,398,325,-1.0,2.0,0.6187184335382291,0.08944271909999159
653,401,330,0.0,0.5,-0.25,-2.146625258399798
654,398,326,-1.5,-4.0,-0.17067698345391666,-0.02496690257726957
655,398,322,-2.0,-3.0,-0.06708203932499368,0.007905694150420948
656,394,320,-3.0,-3.5,-0.007905694150420948,-0.020733670029990797
657,392,315,-2.5,-5.0,-0.051226300186772926,0.001885732068636385
658,389,310,-5.0,-3.0,-0.016971588617727466,0.023717082451262847
659,382,309,-7.0,-3.5,0.00565685424949238,-0.020733670029990797
660,375,303,-1.0,-5.0,1.2374368670764582,0.0
661,380,299,0.0,-3.5,-0.5,0.010366835014995399
662,375,296,-2.0,-4.0,0.022360679774997897,0.007133400736362735
663,376,291,0.5,-2.5,0.17888543819998318,0.11525917542023907
664,376,291,-1.5,0.5,-0.08533849172695833,0.0
665,373,292,-0.5,-2.5,-0.35777087639996635,-0.2049052007470917
666,375,286,-2.5,-7.5,-0.1280657504669323,-0.0046170731909525925
667,368,277,-5.5,-6.5,0.0,0.009668375877418221
668,364,273,-2.5,-2.0,0.07683945028015939,0.20124611797498107
669,363,273,-2.5,-2.0,-0.025613150093386463,-0.06708203932499368
670,359,269,-3.5,-3.5,0.005183417507497699,-0.005183417507497699
671,356,266,-2.0,-2.5,0.11180339887498948,0.06403287523346615
672,355,264,-1.0,-1.0,0.795495128834866,0.795495128834866
673,354,264,2.5,2.0,0.051226300186772926,0.044721359549995794
674,360,268,1.0,0.0,-0.6187184335382291,-3.5
675,356,264,-1.0,-5.0,0.0,-0.01131439241181831
676,358,258,1.0,-3.0,0.08838834764831843,0.07905694150420949
677,358,258,-0.5,0.0,0.5366563145999494,0.75
678,357,258,2.5,-1.5,0.15367890056031877,-0.256015475180875
679,363,255,5.5,-3.0,0.0,-0.03952847075210474
680,368,252,2.5,-4.0,-0.10245260037354585,0.01783350184090684
681,368,247,1.5,-0.5,-0.17067698345391666,3.041052449399714
682,371,251,0.5,4.5,-0.17888543819998318,0.020416984265285286
683,369,256,1.0,3.5,0.5303300858899106,-0.036283922552483895
684,373,258,3.5,1.0,-0.005183417507497699,-0.44194173824159216
685,376,258,0.5,1.0,-1.7888543819998317,0.08838834764831843
686,374,260,-1.5,1.5,-0.08533849172695833,0.042669245863479165
687,373,261,-0.5,1.5,0.7155417527999327,-0.256015475180875
688,373,263,0.5,-1.5,0.5366563145999494,-0.17067698345391666
689,374,258,1.0,-0.5,0.2651650429449553,1.073312629199899
690,375,262,2.0,1.5,-0.022360679774997897,-0.17067698345391666
691,378,261,0.5,-2.5,-0.8944271909999159,-0.08964602532685262
692,376,257,-0.5,-2.0,0.0,0.044721359549995794
693,377,257,0.5,-1.5,0.5366563145999494,0.17067698345391666
694,377,254,1.0,0.0,0.35355339059327373,1.25
695,379,257,2.5,1.0,0.08964602532685262,-0.5303300858899106
696,382,256,4.5,-3.0,0.0025521230331606607,-0.047434164902525694
697,388,251,3.0,-2.0,-0.05533985905294664,0.17888543819998318
698,388,252,1.0,1.0,-0.08838834764831843,0.35355339059327373
699,390,253,2.5,0.0,0.025613150093386463,-0.25
700,393,252,2.0,0.5,-0.08944271909999159,-0.17888543819998318
701,394,254,0.5,-0.5,-0.17888543819998318,-0.8944271909999159
702,394,251,1.5,-2.0,-0.042669245863479165,-0.044721359549995794
703,397,250,0.0,-1.5,-1.25,0.08533849172695833
704,394,248,-1.0,-1.0,0.35355339059327373,0.17677669529663687
705,395,248,2.0,-0.5,0.06708203932499368,-0.17888543819998318
706,398,247,0.5,-1.5,-0.7155417527999327,-0.08533849172695833
707,396,245,0.0,-1.5,0.5,0.17067698345391666
708,398,244,1.5,0.5,0.17067698345391666,1.4310835055998654
709,399,246,2.0,2.5,0.06708203932499368,0.051226300186772926
710,402,249,3.0,2.5,0.015811388300841896,-0.08964602532685262
711,405,251,3.0,-1.0,0.023717082451262847,-0.7071067811865475
712,408,247,4.5,-1.5,0.0,0.1280077375904375
713,414,248,3.0,0.5,-0.047434164902525694,0.5366563145999494
714,414,248,1.5,0.0,-0.17067698345391666,-0.5
715,417,248,1.0,-0.5,-0.7071067811865475,-0.17888543819998318
716,416,247,-2.5,-0.5,-0.10245260037354585,-0.35777087639996635
717,412,247,-3.0,-1.5,-0.015811388300841896,-0.17067698345391666
718,410,244,-3.5,-2.5,-0.031100505044986196,-0.012806575046693231
719,405,242,-6.0,-2.0,0.0011108039682794413,0.15652475842498528
720,398,240,-3.0,1.0,0.07905694150420949,0.35355339059327373
721,399,244,-1.0,0.0,0.6187184335382291,-2.0
722,396,240,0.5,-3.0,0.8944271909999159,-0.06324555320336758
723,400,238,1.5,-4.0,0.17067698345391666,0.0
724,399,232,2.5,-3.0,0.051226300186772926,0.06324555320336758
725,405,232,3.5,0.0,-0.015550252522493098,1.0
726,406,232,1.0,-1.0,-0.795495128834866,-0.6187184335382291
727,407,230,-1.0,-3.5,-0.08838834764831843,-0.005183417507497699
728,404,225,0.5,-1.5,0.8944271909999159,0.2986847210443541
729,408,227,1.5,0.0,-0.042669245863479165,-0.25
730,407,225,0.0,-2.0,-3.0,0.0
731,408,223,-4.5,0.0,-0.028073353364767267,1.5
732,398,225,-5.5,1.0,0.005724334022399462,0.17677669529663687
733,397,225,-2.5,1.0,0.14087232551362555,-0.2651650429449553
734,393,227,0.0,-0.5,1.25,-1.073312629199899
735,397,224,0.0,-2.0,-2.0,0.044721359549995794
736,393,223,-4.0,0.5,-0.04280040441817641,0.8944271909999159
737,389,225,-6.0,0.5,-0.0022216079365588825,-0.8944271909999159
738,381,224,-5.0,-2.0,0.01508585654909108,-0.15652475842498528
739,379,221,-2.0,-3.0,0.22360679774997896,0.007905694150420948
740,377,218,0.0,-1.5,0.5,0.51203095036175
741,379,218,-1.0,3.0,-1.0606601717798212,0.023717082451262847
742,375,224,-6.0,0.0,-0.00888643174623553,-2.25
743,367,218,-5.0,-1.5,0.02640024896090939,0.08533849172695833
744,365,221,1.0,1.0,0.795495128834866,0.17677669529663687
745,369,220,-0.5,-0.5,-2.146625258399798,-0.17888543819998318
746,364,220,-5.0,0.5,-0.016971588617727466,-0.8944271909999159
747,359,221,-5.0,-3.0,-0.00377146413727277,-0.09486832980505139
748,354,214,-6.0,-5.5,-0.0011108039682794413,0.005724334022399462
749,347,210,-5.5,-1.0,0.005724334022399462,0.7071067811865475
750,343,212,-4.0,-1.5,0.0035667003681813677,-0.08533849172695833
751,339,207,-5.0,-2.0,0.00377146413727277,0.08944271909999159
752,333,208,-3.0,0.5,0.03952847075210474,0.17888543819998318
753,333,208,-2.5,-1.5,-0.051226300186772926,-0.1280077375904375
754,328,205,-5.0,-1.0,-0.005657196205909155,0.44194173824159216
755,323,206,-4.0,1.0,0.02853360294545094,0.2651650429449553
756,320,207,-1.0,0.5,0.44194173824159216,-0.5366563145999494
757,321,207,-1.5,-0.5,-0.2986847210443541,-0.8944271909999159
758,317,206,-4.5,-2.0,-0.012760615165803303,-0.15652475842498528
759,312,203,-4.0,-4.0,0.0,-0.007133400736362735
760,309,198,-4.5,-3.0,0.0,0.047434164902525694
761,303,197,-4.0,-1.0,0.01426680147272547,0.35355339059327373
762,301,196,-2.5,-1.0,0.012806575046693231,0.17677669529663687
763,298,195,-3.5,0.0,0.0,0.25
764,294,196,-2.5,-0.5,-0.012806575046693231,0.35777087639996635
765,293,194,-4.0,1.0,-0.03566700368181368,0.8838834764831843
766,286,198,-7.5,4.5,0.0,0.010208492132642643
767,278,203,-4.0,3.0,0.03566700368181368,-0.06324555320336758
768,278,204,-2.5,0.5,0.0,-0.8944271909999159
769,273,204,-4.0,0.5,-0.010700101104544103,-0.35777087639996635
770,270,205,-4.0,-0.5,-0.0035667003681813677,-0.35777087639996635
771,265,203,-4.5,-0.5,0.015312738198963964,-0.17888543819998318
772,261,204,-1.0,-1.0,1.0606601717798212,-0.6187184335382291
773,263,201,1.5,-4.0,-0.08533849172695833,-0.021400202209088205
774,264,196,-2.0,-4.0,-0.35777087639996635,0.03210030331363231
775,259,193,-6.5,0.5,-0.0052736595695008475,1.4310835055998654
776,251,197,-5.0,0.0,0.020743052755000234,0.5
777,249,193,-1.0,1.5,0.6187184335382291,0.256015475180875
778,249,200,-1.5,3.0,-0.3413539669078333,-0.03952847075210474
779,246,199,-5.0,-1.0,-0.01131439241181831,-0.2651650429449553
780,239,198,-4.5,1.5,0.017864861232124624,0.5973694420887082
781,237,202,-1.5,6.0,0.51203095036175,0.004443215873117765
782,236,210,1.5,3.5,0.0,-0.046650757567479294
783,240,209,-1.5,1.5,-0.6400386879521874,-0.4693617044982708
784,233,213,-6.0,-2.0,-0.005554019841397206,-0.20124611797498107
785,228,205,-4.0,-3.0,0.02853360294545094,0.06324555320336758
786,225,207,-2.0,2.0,0.044721359549995794,0.13416407864998736
787,224,209,-3.0,0.0,-0.03162277660168379,-1.75
788,219,207,-4.0,-1.5,-0.0035667003681813677,-0.1280077375904375
789,216,206,-3.5,-1.5,0.020733670029990797,0.0
790,212,204,-2.0,-1.5,0.15652475842498528,0.2986847210443541
791,212,203,0.0,2.0,0.25,0.2683281572999747
792,212,208,-1.5,4.5,-0.042669245863479165,0.015312738198963964
793,209,212,-0.5,5.0,0.7155417527999327,0.009428660343181926
794,211,218,0.5,7.0,-0.5366563145999494,0.0021213203435596424
795,210,226,-2.0,6.5,-0.11180339887498948,0.0
796,207,231,-2.0,7.0,0.08944271909999159,0.0035355339059327377
797,206,240,0.0,9.0,0.25,0.0
798,207,249,-1.5,7.0,-0.256015475180875,-0.004242640687119285
799,203,254,-3.0,6.0,-0.047434164902525694,-0.0033324119048383236
800,201,261,-4.5,5.5,0.0051042460663213215,-0.004293250516799596
801,194,265,-2.0,4.5,0.24596747752497686,-0.010208492132642643
802,197,270,1.0,3.5,0.2651650429449553,-0.025917087537488497
803,196,272,-0.5,2.0,-0.17888543819998318,-0.08944271909999159
804,196,274,0.5,1.5,0.8944271909999159,0.17067698345391666
805,197,275,2.0,4.0,0.15652475842498528,0.02853360294545094
806,200,282,4.0,5.5,0.021400202209088205,-0.0014310835055998655
807,205,286,5.0,3.5,0.0,-0.020733670029990797
808,210,289,4.0,3.5,-0.007133400736362735,0.0
809,213,293,4.0,3.5,-0.007133400736362735,0.020733670029990797
810,218,296,3.0,5.5,-0.05533985905294664,0.011448668044798924
811,219,304,0.5,7.5,0.0,-0.0005771341488690741
812,219,311,3.0,5.0,0.05533985905294664,-0.009428660343181926
813,225,314,4.0,5.0,-0.01426680147272547,0.00377146413727277
814,227,321,1.0,6.0,-0.6187184335382291,-0.0011108039682794413
815,227,326,0.5,4.5,-0.35777087639996635,0.0025521230331606607
816,228,330,0.0,6.5,1.0,0.0017578865231669492
817,227,339,2.5,5.5,0.14087232551362555,-0.010017584539199058
818,233,341,5.5,3.0,0.0014310835055998655,0.0
819,238,345,3.0,5.5,-0.06324555320336758,0.010017584539199058
820,239,352,1.5,6.5,0.042669245863479165,0.0008789432615834746
821,241,358,3.5,6.0,0.020733670029990797,-0.0022216079365588825
822,246,364,3.5,5.5,-0.005183417507497699,-0.004293250516799596
823,248,369,3.0,4.5,-0.023717082451262847,-0.0051042460663213215
824,252,373,2.0,4.5,-0.06708203932499368,0.015312738198963964
825,252,378,1.5,7.5,0.0,0.003462804893214444
826,255,388,2.0,7.5,0.0,-0.006925609786428888
827,256,393,1.5,1.5,-0.042669245863479165,-0.4693617044982708
828,258,391,1.5,2.0,-0.08533849172695833,0.31304951684997057
829,259,397,0.5,8.5,-0.5366563145999494,0.0055828582455411625
830,259,408,0.0,9.0,1.0,0.0
831,259,415,2.5,8.5,0.1280657504669323,-0.0035889803007050332
832,264,425,5.0,4.5,0.01508585654909108,-0.028073353364767267
833,269,424,6.5,3.0,0.0,0.05533985905294664
834,277,431,5.0,8.0,-0.00377146413727277,0.0038164533719756443
835,279,440,5.5,7.0,0.011448668044798924,-0.00848528137423857
836,288,445,9.0,2.0,0.0020200888916130466,-0.31304951684997057
837,297,444,8.5,0.0,-0.0027914291227705812,-0.5
838,305,445,5.5,1.0,-0.025759503100797575,0.795495128834866
839,308,446,-0.5,4.5,-2.3255106965997814,0.028073353364767267
840,304,454,-1.0,6.5,0.795495128834866,0.0026368297847504238
841,306,459,4.0,6.0,0.039233704049995044,-0.004443215873117765
842,312,466,4.5,4.5,-0.017864861232124624,-0.010208492132642643
843,315,468,0.5,4.0,-0.7155417527999327,0.0035667003681813677
844,313,474,2.5,5.0,0.15367890056031877,0.00754292827454554
845,320,478,6.5,6.0,0.006152602831084322,0.0033324119048383236
846,326,486,6.0,6.5,-0.006664823809676647,-0.0026368297847504238
847,332,491,3.5,4.5,-0.046650757567479294,-0.020416984265285286
848,333,495,1.5,2.5,-0.1280077375904375,-0.10245260037354585
849,335,496,2.0,0.5,0.08944271909999159,-0.8944271909999159
850,337,496,3.5,0.0,-0.005183417507497699,1.5
851,342,496,1.5,3.5,-0.2986847210443541,0.031100505044986196
852,340,503,0.0,3.0,0.5,-0.07905694150420949
853,342,502,2.5,-1.5,0.06403287523346615,-0.256015475180875
854,345,500,2.5,0.0,0.025613150093386463,2.5
855,347,502,3.5,3.5,0.020733670029990797,0.05701759258247469
856,352,507,4.5,5.5,0.0,0.002862167011199731
857,356,513,3.5,4.5,-0.010366835014995399,-0.028073353364767267
858,359,516,3.5,0.0,-0.010366835014995399,-3.0
859,363,513,2.5,-1.5,-0.08964602532685262,0.17067698345391666
860,364,513,0.0,2.0,-1.0,0.08944271909999159
861,363,517,0.5,0.5,0.7155417527999327,-1.6099689437998486
862,365,514,2.0,-2.5,-0.06708203932499368,-0.03841972514007969
863,367,512,-1.0,-1.0,-0.795495128834866,0.08838834764831843
864,363,512,-2.5,-2.0,-0.012806575046693231,-0.044721359549995794
865,362,508,-1.5,-2.0,0.08533849172695833,0.0
866,360,508,-1.5,-2.0,0.17067698345391666,-0.24596747752497686
867,359,504,0.5,-7.5,-0.35777087639996635,-0.008657012233036112
868,361,493,-2.5,-9.5,-0.07683945028015939,0.00028680762881655545
869,354,485,-2.5,-7.0,0.0,0.006363961030678928
870,356,479,-2.5,-5.0,-0.06403287523346615,0.016971588617727466
871,349,475,-5.0,-2.5,0.00754292827454554,0.06403287523346615
872,346,474,-0.5,-2.5,1.6099689437998486,0.025613150093386463
873,348,470,-0.5,-1.5,-1.2521980673998823,0.2133462293173958
874,345,471,-4.0,0.0,-0.007133400736362735,0.75
875,340,470,-1.5,0.0,0.3413539669078333,0.0
876,342,471,0.0,0.0,0.25,-2.0
877,340,470,-1.0,-4.0,0.08838834764831843,-0.039233704049995044
878,340,463,0.5,-5.5,-0.17888543819998318,-0.005724334022399462
879,341,459,-1.5,-6.0,-0.38402321277131246,-0.0033324119048383236
880,337,451,-4.0,-7.0,-0.0035667003681813677,0.0021213203435596424
881,333,445,-2.0,-4.5,0.13416407864998736,0.028073353364767267
882,333,442,-1.0,-1.5,-0.08838834764831843,0.17067698345391666
883,331,442,-2.5,-2.5,0.025613150093386463,-0.03841972514007969
884,328,437,0.0,-3.0,0.0,0.0
885,331,436,-2.5,-2.5,-0.1280657504669323,0.012806575046693231
886,323,432,-5.0,-2.5,0.001885732068636385,-0.06403287523346615
887,321,431,-2.0,-5.0,0.22360679774997896,-0.01131439241181831
888,319,422,0.0,-5.5,1.0,0.0
889,321,420,0.0,-5.0,-0.75,-0.00377146413727277
890,319,412,-1.5,-6.5,-0.17067698345391666,-0.0008789432615834746
891,318,407,-2.0,-5.5,-0.022360679774997897,0.002862167011199731
892,315,401,-2.0,-5.5,0.022360679774997897,0.010017584539199058
893,314,396,-1.5,-2.0,0.042669245863479165,0.20124611797498107
894,312,397,-1.5,-1.0,-0.17067698345391666,0.08838834764831843
895,311,394,-3.5,-1.5,-0.010366835014995399,-0.08533849172695833
896,305,394,-2.5,-2.0,0.012806575046693231,-0.06708203932499368
897,306,390,-3.0,-3.0,-0.05533985905294664,-0.023717082451262847
898,299,388,-6.0,-3.5,0.0011108039682794413,-0.010366835014995399
899,294,383,-2.5,-4.0,0.11525917542023907,-0.010700101104544103
900,294,380,-1.5,-5.0,0.08533849172695833,0.00377146413727277
901,291,373,-1.5,-3.0,0.1280077375904375,0.047434164902525694
902,291,374,0.0,-2.0,0.25,0.06708203932499368
903,291,369,-1.0,-1.5,0.44194173824159216,0.2133462293173958
904,289,371,2.5,0.5,0.17929205065370524,1.2521980673998823
905,296,370,6.0,2.0,0.0022216079365588825,0.08944271909999159
906,301,375,3.5,2.5,-0.05183417507497699,-0.012806575046693231
907,303,375,1.0,1.5,-0.5303300858899106,-0.2986847210443541
908,303,378,0.5,-1.0,0.35777087639996635,-0.9722718241315028
909,304,373,2.0,-4.0,0.06708203932499368,-0.02496690257726957
910,307,370,2.0,-4.5,-0.11180339887498948,0.012760615165803303
911,308,364,-0.5,-1.5,-1.2521980673998823,0.4266924586347916
912,306,367,-1.5,0.5,0.0,0.17888543819998318
913,305,365,-0.5,-1.0,1.073312629199899,-0.35355339059327373
914,305,365,1.5,-1.5,0.2986847210443541,0.08533849172695833
915,308,362,3.0,0.0,0.0,2.75
916,311,365,1.5,4.0,-0.17067698345391666,0.01783350184090684
917,311,370,1.0,2.5,-0.17677669529663687,-0.166485475607012
918,313,370,0.5,-2.5,0.0,-0.15367890056031877
919,312,365,1.0,-3.5,0.44194173824159216,0.005183417507497699
920,315,363,3.0,-2.0,0.03952847075210474,0.13416407864998736
921,318,361,3.5,-0.5,0.0,0.8944271909999159
922,322,362,3.0,0.5,-0.015811388300841896,0.0
923,324,362,2.5,-0.5,0.012806575046693231,1.4310835055998654
924,327,361,3.5,4.5,0.010366835014995399,0.03317759943108859
925,331,371,3.5,6.0,-0.005183417507497699,-0.005554019841397206
926,334,373,3.0,2.0,-0.023717082451262847,-0.08944271909999159
927,337,375,2.0,4.0,0.0,0.01426680147272547
928,338,381,3.0,4.0,0.007905694150420948,-0.01783350184090684
929,343,383,2.5,1.5,-0.012806575046693231,-0.2986847210443541
930,343,384,2.5,0.5,-0.03841972514007969,-0.5366563145999494
931,348,384,1.0,0.0,-0.35355339059327373,0.75
932,345,384,0.5,2.0,1.4310835055998654,0.08944271909999159
933,349,388,5.0,2.0,0.016971588617727466,-0.08944271909999159
934,355,388,5.0,0.0,-0.01131439241181831,0.0
935,359,388,2.0,2.0,-0.15652475842498528,0.20124611797498107
936,359,392,1.5,4.5,0.0,0.007656369099481982
937,362,397,2.0,3.5,0.06708203932499368,-0.041467340059981594
938,363,399,3.0,0.5,0.0,-1.073312629199899
939,368,398,2.0,0.5,-0.20124611797498107,1.4310835055998654
940,367,400,-1.5,4.5,-0.2133462293173958,0.020416984265285286
941,365,407,-0.5,4.5,0.5366563145999494,-0.025521230331606606
942,366,409,0.0,-0.5,0.0,-1.7888543819998317
943,365,406,-0.5,-0.5,-0.35777087639996635,0.8944271909999159
944,365,408,-1.0,2.0,0.08838834764831843,0.15652475842498528
945,363,410,0.0,3.0,2.0,-0.007905694150420948
946,365,414,3.0,1.5,0.047434164902525694,-0.256015475180875
947,369,413,3.0,0.0,-0.015811388300841896,1.25
948,371,414,2.0,4.0,-0.044721359549995794,0.039233704049995044
949,373,421,2.0,5.5,0.022360679774997897,-0.004293250516799596
950,375,425,2.5,2.5,0.03841972514007969,-0.11525917542023907
951,378,426,3.5,1.0,-0.010366835014995399,-0.44194173824159216
952,382,427,1.5,0.0,-0.4693617044982708,0.0
953,381,426,-2.0,1.0,-0.06708203932499368,0.44194173824159216
954,378,429,0.0,2.5,0.75,-0.03841972514007969
955,381,431,-0.5,-0.5,-1.073312629199899,-1.7888543819998317
956,377,428,-3.0,-2.5,-0.023717082451262847,-0.025613150093386463
957,375,426,-2.0,-1.5,0.06708203932499368,0.17067698345391666
958,373,425,-1.5,-0.5,-0.042669245863479165,0.7155417527999327
959,372,425,-2.5,0.5,0.025613150093386463,0.7155417527999327
960,368,426,-0.5,1.5,0.35777087639996635,0.0
961,371,428,-1.5,0.5,-0.2986847210443541,-0.35777087639996635
962,365,427,-4.0,0.5,0.010700101104544103,1.073312629199899
963,363,429,0.0,3.5,2.25,0.036283922552483895
964,365,434,0.5,4.0,-1.073312629199899,-0.02496690257726957
965,364,437,-3.0,0.0,-0.007905694150420948,-3.25
966,359,434,0.0,-2.5,1.75,-0.03841972514007969
967,364,432,0.5,-1.5,-1.073312629199899,0.0
968,360,431,-3.0,-2.5,0.0,-0.07683945028015939
969,358,427,0.5,-4.5,0.5366563145999494,-0.015312738198963964
970,361,422,-1.5,-5.5,-0.4693617044982708,-0.002862167011199731
971,355,416,-5.0,-5.5,-0.00754292827454554,0.007155417527999326
972,351,411,-3.5,-3.0,0.010366835014995399,0.07115124735378854
973,348,410,-4.0,-1.0,-0.010700101104544103,0.44194173824159216
974,343,409,-5.0,-0.5,0.0,0.0
975,338,409,-4.0,-1.0,-0.007133400736362735,0.35355339059327373
976,335,407,-6.0,1.5,-0.005554019841397206,0.2133462293173958
977,326,412,-6.5,1.5,0.0035157730463338983,-0.3413539669078333
978,322,410,-4.0,-2.5,0.010700101104544103,-0.08964602532685262
979,318,407,-5.0,-2.0,-0.01131439241181831,0.044721359549995794
980,312,406,-7.0,-1.5,-0.001414213562373095,-0.08533849172695833
981,304,404,-6.0,-3.0,0.0011108039682794413,-0.007905694150420948
982,300,400,-6.5,-2.0,0.0008789432615834746,-0.08944271909999159
983,291,400,-5.5,-5.0,0.007155417527999326,-0.01508585654909108
984,289,390,-4.0,-6.0,0.01426680147272547,0.006664823809676647
985,283,388,-3.5,-2.0,0.025917087537488497,0.06708203932499368
986,282,386,-1.5,-4.5,0.2133462293173958,-0.012760615165803303
987,280,379,-1.0,-4.5,-0.35355339059327373,0.012760615165803303
988,280,377,-3.5,-2.0,-0.015550252522493098,-0.06708203932499368
989,273,375,-2.5,-6.0,0.06403287523346615,-0.00888643174623553
990,275,365,-1.0,-6.0,-0.2651650429449553,0.0011108039682794413
991,271,363,-4.0,-5.5,-0.02496690257726957,-0.005724334022399462
992,267,354,-4.5,-8.0,-0.0051042460663213215,0.0023852833574847777
993,262,347,-5.0,-3.0,-0.001885732068636385,0.08696263565463043
994,257,348,-5.0,-2.5,0.005657196205909155,-0.11525917542023907
995,252,342,-3.5,-7.5,0.025917087537488497,-0.004039939042083518
996,250,333,-2.5,-6.0,0.025613150093386463,0.007775627777956089
997,247,330,-2.5,-4.0,-0.025613150093386463,0.01783350184090684
998,245,325,-3.5,-3.5,-0.046650757567479294,0.031100505044986196
999,240,323,-7.0,-1.0,-0.004242640687119285,-0.17677669529663687
1000,231,323,-6.5,-4.5,0.0052736595695008475,-0.03317759943108859
1001,227,314,-4.0,-7.5,0.01426680147272547,0.0005771341488690741
1002,223,308,-4.5,-4.0,-0.007656369099481982,0.03210030331363231
1003,218,306,-5.5,-3.0,-0.012879751550398787,0.015811388300841896
1004,212,302,-9.0,-3.0,-0.0006733629638710155,-0.015811388300841896
1005,200,300,-6.5,-4.0,0.010547319139001695,-0.021400202209088205
1006,199,294,-3.0,-6.0,0.05533985905294664,-0.0033324119048383236
1007,194,288,-3.0,-5.5,0.03952847075210474,0.010017584539199058
1008,193,283,-0.5,-2.5,0.17888543819998318,0.03841972514007969
1009,193,283,-2.5,-4.0,-0.08964602532685262,-0.02853360294545094
1010,188,275,-4.0,-6.5,-0.0035667003681813677,-0.006152602831084322
1011,185,270,-3.0,-7.5,-0.03952847075210474,0.001731402446607222
1012,182,260,-6.5,-5.0,-0.006152602831084322,0.016971588617727466
1013,172,260,-6.5,-3.0,0.0008789432615834746,-0.023717082451262847
1014,169,254,-6.0,-6.5,-0.00999723571451497,-0.009668375877418221
1015,160,247,-11.0,-8.5,-0.0003710481395185186,0.00039877558896722593
1016,147,237,-7.0,-6.0,0.012020815280171307,0.00999723571451497
1017,146,235,-2.5,-4.0,0.10245260037354585,0.0035667003681813677
1018,142,229,-3.0,-5.5,0.023717082451262847,-0.008586501033599193
1019,140,224,-1.0,-7.0,0.2651650429449553,-0.0021213203435596424
1020,140,215,-1.5,-7.0,0.042669245863479165,0.004242640687119285
1021,137,210,-0.5,-4.0,0.8944271909999159,0.01783350184090684
1022,139,207,1.0,-4.5,-0.35355339059327373,-0.017864861232124624
1023,139,201,-2.5,-7.5,-0.1280657504669323,-0.003462804893214444
1024,134,192,-4.0,-7.5,-0.0035667003681813677,0.004039939042083518
1025,131,186,-3.0,-4.0,0.007905694150420948,0.04636710478635778
1026,128,184,-3.5,-1.0,-0.015550252522493098,0.35355339059327373
1027,124,184,-4.5,-2.0,-0.0025521230331606607,-0.11180339887498948
1028,119,180,-4.0,-3.5,0.021400202209088205,0.005183417507497699
1029,116,177,-1.5,-1.5,0.17067698345391666,0.17067698345391666
1030,116,177,-2.0,-1.5,-0.022360679774997897,-0.17067698345391666
1031,112,174,-2.0,-3.5,0.11180339887498948,-0.041467340059981594
1032,112,170,0.5,-5.5,0.5366563145999494,-0.012879751550398787
1033,113,163,-0.5,-8.0,0.0,-0.0009541133429939111
1034,111,154,0.5,-6.5,1.073312629199899,0.007910489354251272
1035,114,150,2.5,-3.5,0.025613150093386463,0.041467340059981594
1036,116,147,1.5,-2.5,0.042669245863479165,0.07683945028015939
1037,117,145,3.0,-0.5,0.03952847075210474,0.8944271909999159
1038,122,146,4.0,0.0,-0.0035667003681813677,0.5
1039,125,145,2.5,0.5,-0.051226300186772926,0.7155417527999327
1040,127,147,2.0,2.0,-0.044721359549995794,0.13416407864998736
